x-coordinate,y-coordinate
6.033667299999999,3.0005249000000003
1.9539947959183674,5.025570102040817
3.0436705882352943,1.0154105882352942
